t_start_ms,t_end_ms,duration_ms,peak_ua,mean_ua,energy_total_uj,energy_marginal_uj,type
5003.0,5009.0,7,2993.066,1684.2958571428571,35.37021300000001,17.699637,inference
5023.0,5025.0,3,1329.096,1199.9673333333333,10.799706,3.226602,inference
5043.0,5048.0,6,2685.411,1842.0104999999996,33.156189,18.009981,inference
5063.0,5065.0,3,1313.039,1197.1486666666667,10.774338000000002,3.201234,inference
5080.0,5086.0,7,3601.896,1892.7687142857142,39.748143,22.077567000000002,inference
5103.0,5105.0,3,1316.055,1211.8590000000002,10.906731,3.3336270000000003,inference
5115.0,5125.0,11,3542.863,1691.6433636363638,55.824231,28.056182999999997,inference
5143.0,5145.0,3,1345.913,1211.132,10.900188,3.3270839999999993,inference
5153.0,5159.0,7,3380.585,1810.464,38.019744,20.349168,inference
5163.0,5165.0,3,1308.692,1209.5016666666668,10.885515,3.312410999999999,inference
5183.0,5189.0,7,2860.424,1664.498714285714,34.954473,17.283896999999996,inference
5203.0,5205.0,3,1352.651,1214.7386666666669,10.932648000000002,3.359544,inference
5220.0,5226.0,7,3039.955,1894.9601428571427,39.794163000000005,22.123587,inference
5243.0,5245.0,3,1333.42,1206.8336666666667,10.861503,3.2883990000000005,inference
5259.0,5265.0,7,3388.478,2092.832142857143,43.94947500000001,26.278899,inference
5283.0,5285.0,3,1315.561,1201.4623333333332,10.813161000000001,3.2400569999999993,inference
5296.0,5305.0,10,3388.294,1620.2681000000002,48.60804300000001,23.364363,inference
5323.0,5325.0,3,1328.342,1213.802,10.924218000000002,3.351114,inference
5334.0,5339.0,6,3356.965,2158.235,38.848229999999994,23.702021999999996,inference
5343.0,5345.0,3,1330.591,1202.9323333333334,10.826391,3.2532869999999994,inference
5363.0,5369.0,7,3328.521,1919.3560000000002,40.30647600000001,22.635900000000003,inference
5383.0,5385.0,3,1323.198,1197.5643333333333,10.778079,3.2049750000000006,inference
5395.0,5399.0,5,2869.032,1778.2124,26.673186,14.051345999999999,inference
5403.0,5405.0,3,1338.559,1209.9769999999999,10.889792999999997,3.3166889999999993,inference
5423.0,5431.0,9,3403.359,1843.2325555555556,49.767279,27.047966999999996,inference
5443.0,5445.0,3,1315.221,1211.308,10.901772000000001,3.3286680000000004,inference
5461.0,5466.0,6,3720.976,2040.8094999999996,36.734570999999995,21.588363,inference
5483.0,5485.0,3,1360.74,1215.2816666666668,10.937535,3.3644309999999997,inference
5500.0,5506.0,7,3969.067,1930.5112857142853,40.54073699999999,22.870160999999996,inference
5523.0,5525.0,3,1343.921,1210.4563333333333,10.894107,3.3210030000000006,inference
5540.0,5546.0,7,4077.693,2119.5628571428574,44.51082,26.840244,inference
5563.0,5565.0,3,1324.554,1206.2566666666667,10.85631,3.2832060000000003,inference
5580.0,5585.0,6,3075.521,2044.6336666666666,36.803406,21.657198,inference
5603.0,5605.0,3,1317.116,1213.355,10.920195,3.3470909999999994,inference
5617.0,5625.0,9,3379.379,1855.553222222222,50.099937,27.380625000000002,inference
5643.0,5645.0,3,1348.446,1215.312,10.937807999999999,3.3647039999999993,inference
5655.0,5665.0,11,3331.904,1560.1878181818183,51.486198,23.71815,inference
5683.0,5690.0,8,2967.033,1589.0451249999999,38.137083,17.942138999999997,inference
5703.0,5705.0,3,1361.428,1219.096,10.971864,3.3987600000000002,inference
5718.0,5725.0,8,2947.295,1599.833875,38.396012999999996,18.201069,inference
5743.0,5745.0,3,1337.338,1208.407,10.875663,3.3025590000000005,inference
5755.0,5760.0,6,2940.78,1888.6053333333332,33.994896000000004,18.848687999999996,inference
5763.0,5765.0,3,1327.945,1212.256,10.910304,3.3371999999999997,inference
5783.0,5791.0,9,3145.589,1670.9403333333332,45.11538899999999,22.396077000000002,inference
5803.0,5805.0,3,1347.787,1212.374,10.911366000000003,3.3382620000000007,inference
5817.0,5825.0,9,3113.255,1665.1463333333334,44.958951,22.239639,inference
5843.0,5845.0,3,1330.36,1192.6963333333333,10.734267000000001,3.161163,inference
5849.0,5856.0,8,2943.241,1583.3515,38.000436,17.805491999999997,inference
5863.0,5865.0,3,1309.148,1207.6863333333333,10.869177,3.2960729999999994,inference
5883.0,5890.0,8,3059.578,1753.06825,42.073638,21.878694,inference
5903.0,5905.0,3,1334.087,1208.042333333333,10.872380999999997,3.299276999999999,inference
5923.0,5928.0,6,2884.72,1784.6319999999998,32.123376,16.977168,inference
5943.0,5945.0,3,1313.456,1205.7403333333334,10.851663,3.2785590000000004,inference
5960.0,5966.0,7,4025.043,2138.4004285714286,44.90640900000001,27.235833,inference
5983.0,5985.0,3,1366.015,1220.9996666666666,10.988997,3.415893,inference
5991.0,5996.0,6,3122.05,1883.0051666666666,33.89409299999999,18.747885000000004,inference
6003.0,6005.0,3,1325.772,1210.5983333333334,10.895385000000001,3.322280999999999,inference
6023.0,6030.0,8,3613.41,1977.385625,47.457254999999996,27.262311,inference
6043.0,6045.0,3,1324.652,1213.8656666666666,10.924790999999999,3.351687,inference
6063.0,6067.0,5,3139.569,2037.0702,30.556053000000002,17.934213,inference
6083.0,6085.0,3,1353.429,1212.1586666666667,10.909428,3.336324,inference
6102.0,6107.0,6,2945.969,1778.8611666666668,32.019501000000005,16.873292999999997,inference
6123.0,6125.0,3,1338.586,1195.616,10.760544,3.18744,inference
6134.0,6148.0,15,8311.706,5048.946800000001,227.20260600000003,189.33708600000003,ble
6157.0,6172.0,16,8313.81,4622.4175625,221.876043,181.48615499999997,ble
6177.0,6188.0,12,8338.504,5443.952083333334,195.98227500000002,165.68985900000004,ble
6197.0,6209.0,13,8483.312,5497.466461538462,214.40119199999998,181.58440799999997,ble
6217.0,6228.0,12,8337.265,5439.242666666666,195.81273599999997,165.52031999999997,ble
6237.0,6248.0,12,9406.632,5942.233083333333,213.92039099999997,183.62797500000002,ble
6257.0,6268.0,12,8332.467,5448.333750000001,196.140015,165.84759900000003,ble
6271.0,6288.0,18,8326.346,4265.136722222222,230.31738299999998,184.87875900000003,ble
6297.0,6310.0,14,8536.967,5266.405428571428,221.189028,185.84787599999999,ble
6317.0,6328.0,12,8332.672,5451.4802500000005,196.25328900000002,165.960873,ble
6335.0,6348.0,14,8290.386,5151.409714285714,216.359208,181.01805599999997,ble
6363.0,6372.0,10,3365.608,1733.3003,51.99900900000001,26.755329,inference
6383.0,6384.0,2,1289.955,1265.405,7.59243,2.5436939999999995,inference
6401.0,6406.0,6,3364.676,1838.8230000000003,33.098814000000004,17.952606,inference
6423.0,6424.0,2,1367.124,1291.3875,7.748325000000001,2.699589,inference
6440.0,6445.0,6,2974.766,1825.9976666666669,32.867958,17.72175,inference
6463.0,6464.0,2,1349.283,1281.2914999999998,7.687748999999999,2.6390129999999994,inference
6476.0,6484.0,9,3258.863,1637.7595555555556,44.219508000000005,21.500195999999995,inference
6503.0,6512.0,10,3566.855,1746.2795,52.388385000000014,27.144705000000002,inference
6523.0,6524.0,2,1359.896,1286.8175,7.720905000000001,2.672169,inference
6540.0,6545.0,6,2966.762,1822.2578333333333,32.800641000000006,17.654432999999997,inference
6563.0,6564.0,2,1342.341,1279.3445,7.676066999999999,2.6273309999999994,inference
6570.0,6574.0,5,2949.353,1794.075,26.911125000000002,14.289284999999998,inference
6583.0,6585.0,3,1361.828,1208.3946666666668,10.875552,3.3024480000000005,inference
6603.0,6605.0,3,1333.858,1205.1706666666666,10.846536,3.2734319999999992,inference
6608.0,6613.0,6,3081.472,1849.0391666666667,33.282705,18.136496999999995,inference
6623.0,6625.0,3,1348.489,1204.551,10.840959,3.2678549999999995,inference
6642.0,6646.0,5,3288.466,1986.5351999999998,29.798028,17.176188,inference
6663.0,6665.0,3,1357.431,1215.885,10.942965000000001,3.3698609999999998,inference
6681.0,6687.0,7,3544.554,1910.6699999999998,40.124069999999996,22.453493999999996,inference
6703.0,6705.0,3,1373.089,1211.436,10.902923999999999,3.3298200000000002,inference
6713.0,6718.0,6,3289.675,1895.4179999999997,34.11752399999999,18.971315999999998,inference
6723.0,6725.0,3,1337.352,1214.7766666666669,10.932990000000002,3.359886,inference
6743.0,6745.0,3,1355.66,1201.6186666666665,10.814568,3.241464,inference
6752.0,6758.0,7,3360.229,1959.6341428571427,41.152317,23.481741,inference
6763.0,6765.0,3,1328.477,1196.8296666666668,10.771467000000001,3.1983630000000005,inference
6783.0,6790.0,8,2552.449,1591.971125,38.207307,18.012363,inference
6803.0,6805.0,3,1364.793,1203.8590000000002,10.834731,3.2616269999999994,inference
6820.0,6825.0,6,2722.892,1803.1025000000002,32.455845000000004,17.309637,inference
6843.0,6845.0,3,1350.057,1201.3363333333334,10.812027,3.238923,inference
6857.0,6865.0,9,2683.063,1474.3186666666666,39.80660399999999,17.087292,inference
6883.0,6885.0,3,1350.186,1204.686,10.842174,3.26907,inference
6891.0,6896.0,6,2542.905,1629.0131666666666,29.322237,14.176029,inference
6903.0,6905.0,3,1355.552,1201.8613333333333,10.816752000000001,3.243648,inference
6923.0,6936.0,14,5248.124,3212.8895,134.941359,99.600207,ble
6943.0,6945.0,3,1338.489,1214.3233333333333,10.92891,3.355806,inference
6957.0,6965.0,9,3509.637,1877.3894444444445,50.689515,27.970203,inference
6983.0,6985.0,3,1382.6,1212.7839999999999,10.915056,3.341952,inference
6991.0,6996.0,6,3357.932,1906.931333333333,34.324763999999995,19.178556,inference
7003.0,7005.0,3,1343.633,1211.0016666666668,10.899015,3.3259110000000005,inference
7023.0,7029.0,7,2949.643,1684.9477142857145,35.383902,17.713326000000002,inference
7043.0,7045.0,3,1329.803,1200.0406666666668,10.800366000000002,3.2272619999999996,inference
7061.0,7066.0,6,3721.684,2090.11,37.62197999999999,22.475772000000003,inference
7083.0,7085.0,3,1367.832,1214.8503333333335,10.933653000000003,3.3605490000000002,inference
7096.0,7100.0,5,2966.024,1794.6051999999995,26.919077999999995,14.297238000000002,inference
7103.0,7105.0,3,1356.3,1219.6636666666666,10.976973000000001,3.4038690000000003,inference
7123.0,7125.0,3,1353.271,1212.1413333333333,10.909272000000001,3.3361680000000002,inference
7135.0,7140.0,6,2542.249,1640.4226666666666,29.527608,14.381399999999998,inference
7143.0,7145.0,3,1383.557,1221.316,10.991843999999999,3.4187399999999997,inference
7163.0,7165.0,3,1359.041,1219.2776666666666,10.973499,3.4003949999999996,inference
7172.0,7178.0,7,3424.795,1941.1165714285712,40.763448,23.092872,inference
7183.0,7185.0,3,1360.24,1213.742,10.923678,3.3505739999999995,inference
7203.0,7205.0,3,1384.174,1220.376,10.983384,3.4102799999999993,inference
7208.0,7212.0,5,2979.495,1798.0201999999997,26.970302999999998,14.348463,inference
7223.0,7225.0,3,1345.418,1218.5553333333335,10.966998,3.3938939999999995,inference
7243.0,7249.0,7,3205.667,1935.6572857142858,40.648803,22.978227,inference
7263.0,7265.0,3,1329.699,1209.1523333333334,10.882371000000001,3.3092669999999997,inference
7274.0,7279.0,6,2589.973,1609.1644999999999,28.964960999999995,13.818752999999997,inference
7283.0,7285.0,3,1355.044,1218.5273333333334,10.966746,3.393642,inference
7303.0,7310.0,8,3139.798,1775.875375,42.62100900000001,22.426064999999998,inference
7323.0,7325.0,3,1340.656,1196.8276666666668,10.771449,3.1983449999999993,inference
7343.0,7349.0,7,2713.27,1692.3974285714287,35.54034600000001,17.86977,inference
7363.0,7365.0,3,1379.972,1252.9146666666668,11.276232,3.703128000000001,inference
7380.0,7386.0,7,3753.001,2111.297714285714,44.33725199999999,26.666676,inference
7403.0,7405.0,3,1360.334,1213.0643333333333,10.917579,3.3444750000000005,inference
7415.0,7425.0,11,3309.458,1667.480090909091,55.02684299999999,27.258795000000006,inference
7443.0,7445.0,3,1369.693,1223.619,11.012571,3.439467,inference
7452.0,7457.0,6,3228.3,1874.6118333333334,33.743013,18.596805,inference
7463.0,7465.0,3,1361.278,1212.376,10.911384,3.3382799999999997,inference
7483.0,7485.0,3,1384.219,1218.3596666666665,10.965237,3.392133,inference
7489.0,7493.0,5,2762.185,1768.1863999999998,26.522795999999996,13.900956,inference
7503.0,7505.0,3,1351.393,1220.374,10.983366000000002,3.410262,inference
7523.0,7525.0,3,1371.51,1202.7693333333334,10.824924,3.2518200000000004,inference
7528.0,7533.0,6,3141.033,1916.4379999999999,34.495884,19.349676,inference
7537.0,7548.0,12,8284.635,5413.7685,194.895666,164.60325000000003,ble
7558.0,7571.0,14,8343.647,5084.482000000001,213.548244,178.20709200000005,ble
7578.0,7588.0,11,8362.805,5802.7586363636365,191.491035,163.722987,ble
7598.0,7611.0,14,8330.258,5209.941285714286,218.817534,183.476382,ble
7618.0,7628.0,11,8341.519,5793.040909090909,191.17034999999998,163.402302,ble
7638.0,7648.0,11,9695.019,6210.232454545455,204.937671,177.169623,ble
7658.0,7668.0,11,8338.289,5798.879,191.36300699999998,163.59495900000002,ble
7672.0,7688.0,17,8370.237,4351.6417647058815,221.93373,179.019474,ble
7698.0,7709.0,12,8744.563,5759.042416666666,207.32552699999997,177.03311100000002,ble
7718.0,7728.0,11,8359.613,5784.253363636363,190.88036099999997,163.112313,ble
7738.0,7749.0,12,8683.571,5756.768749999999,207.243675,176.95125900000002,ble
7763.0,7765.0,3,1338.162,1210.4483333333333,10.894035,3.320931,inference
7779.0,7786.0,8,4122.493,2185.305,52.44731999999999,32.25237599999999,inference
7803.0,7805.0,3,1379.23,1216.6363333333331,10.949727,3.3766230000000004,inference
7814.0,7819.0,6,3230.573,1876.7201666666667,33.78096300000001,18.634755,inference
7823.0,7825.0,3,1347.426,1213.112,10.918008000000002,3.3449039999999997,inference
7843.0,7850.0,8,3432.306,1954.7092499999999,46.913022,26.718077999999995,inference
7863.0,7865.0,3,1378.899,1217.54,10.95786,3.384756,inference
7875.0,7880.0,6,3080.681,1880.1623333333334,33.842922,18.696714,inference
7883.0,7885.0,3,1363.633,1220.69,10.986210000000002,3.413106000000001,inference
7903.0,7911.0,9,3415.803,1716.2429999999997,46.338561,23.619249,inference
7923.0,7924.0,2,1388.004,1312.7154999999998,7.876292999999999,2.827556999999999,inference
7934.0,7936.0,3,1395.673,1180.306,10.622754,3.0496499999999997,inference
7943.0,7951.0,9,2770.782,1524.9796666666666,41.174451000000005,18.455139,inference
7963.0,7965.0,3,1368.857,1222.056,10.998504,3.4254000000000007,inference
7978.0,7985.0,8,2964.789,1798.558125,43.165395000000004,22.970450999999997,inference
8003.0,8005.0,3,1381.248,1228.639,11.057751,3.484647,inference
8014.0,8019.0,6,3076.928,1998.6708333333336,35.976075,20.829867,inference
8023.0,8025.0,3,1384.496,1226.179,11.035611000000001,3.4625070000000004,inference
8043.0,8045.0,3,1343.558,1216.4126666666666,10.947714,3.3746099999999997,inference
8050.0,8055.0,6,3343.701,1904.8403333333335,34.28712600000001,19.140918,inference
8063.0,8065.0,3,1362.08,1228.0213333333334,11.052192,3.479088,inference
8083.0,8088.0,6,3116.532,1924.4371666666668,34.639869000000004,19.493661,inference
8103.0,8105.0,3,1351.36,1210.8039999999999,10.897236,3.3241319999999996,inference
8120.0,8125.0,6,3065.783,2034.5763333333334,36.622374,21.476166000000003,inference
8143.0,8145.0,3,1388.312,1220.5146666666667,10.984632,3.4115279999999997,inference
8154.0,8160.0,7,3352.651,1938.366428571429,40.705695000000006,23.035118999999998,inference
8163.0,8165.0,3,1374.798,1222.0216666666665,10.998194999999999,3.4250910000000006,inference
8183.0,8192.0,10,2715.052,1416.2367,42.487100999999996,17.243420999999998,inference
8203.0,8205.0,3,1397.278,1221.1273333333331,10.990146,3.4170420000000004,inference
8219.0,8225.0,7,2993.071,1900.8265714285715,39.917358,22.246782,inference
8243.0,8245.0,3,1384.792,1220.2346666666665,10.982111999999999,3.4090079999999996,inference
8257.0,8265.0,9,3113.171,1654.3407777777775,44.66720099999999,21.947889,inference
8283.0,8285.0,3,1395.615,1231.5673333333332,11.084106,3.5110019999999995,inference
8293.0,8298.0,6,2536.908,1644.8463333333336,29.607234000000005,14.461025999999997,inference
8303.0,8305.0,3,1389.422,1220.5276666666666,10.984749,3.4116449999999996,inference
8323.0,8325.0,3,1352.588,1212.3586666666667,10.911228,3.3381239999999996,inference
8331.0,8336.0,6,2763.121,1721.2026666666668,30.981648000000003,15.835440000000002,inference
8343.0,8345.0,3,1378.293,1202.5633333333333,10.82307,3.2499659999999997,inference
8363.0,8368.0,6,3004.881,1841.7678333333333,33.151821,18.005612999999997,inference
8383.0,8384.0,2,1302.453,1263.368,7.580208,2.531472,inference
8395.0,8405.0,11,3353.974,1540.3047272727274,50.83005600000001,23.062008000000002,inference
8423.0,8424.0,2,1403.836,1302.1855,7.813113,2.7643770000000005,inference
8429.0,8434.0,6,2599.952,1641.4001666666666,29.545203,14.398994999999998,inference
8443.0,8444.0,2,1376.311,1295.6,7.773599999999999,2.7248639999999997,inference
8463.0,8470.0,8,3332.205,1781.6508749999998,42.759621,22.564676999999996,inference
8483.0,8484.0,2,1407.685,1304.6100000000001,7.827660000000001,2.778924,inference
8499.0,8505.0,7,3038.976,1810.6190000000001,38.022999000000006,20.352422999999998,inference
8523.0,8524.0,2,1392.027,1299.938,7.799628000000001,2.750892,inference
8533.0,8538.0,6,3233.854,1861.4921666666667,33.506859,18.360650999999997,inference
8543.0,8544.0,2,1359.347,1287.1545,7.722927,2.674191,inference
8563.0,8564.0,2,1380.147,1303.2579999999998,7.819547999999999,2.7708119999999994,inference
8567.0,8572.0,6,2613.363,1600.509,28.809162,13.662953999999997,inference
8583.0,8585.0,3,1394.046,1216.3726666666669,10.947354,3.37425,inference
8601.0,8606.0,6,3685.108,2078.837666666667,37.419078000000006,22.27287,inference
8623.0,8625.0,3,1374.095,1219.0936666666666,10.971843000000002,3.398739,inference
8635.0,8645.0,11,3315.795,1543.9499090909092,50.950347,23.182299000000004,inference
8663.0,8665.0,3,1363.544,1208.3423333333333,10.875081,3.3019770000000004,inference
8670.0,8675.0,6,3566.069,2165.9931666666666,38.987877,23.841669000000003,inference
8683.0,8685.0,3,1384.943,1222.4183333333333,11.001764999999999,3.428660999999999,inference
8703.0,8711.0,9,3283.189,1857.7691111111114,50.159766000000005,27.440454,inference
8723.0,8724.0,2,1375.834,1305.634,7.833804000000001,2.7850680000000003,inference
8741.0,8746.0,6,3388.225,2015.722,36.282996,21.136787999999996,inference
8763.0,8765.0,3,1355.79,1202.5886666666668,10.823298000000001,3.2501939999999996,inference
8779.0,8785.0,7,2940.782,1704.4232857142856,35.792888999999995,18.122313000000002,inference
8803.0,8804.0,2,1398.973,1323.7995,7.9427970000000006,2.8940609999999998,inference
8811.0,8816.0,6,3032.913,1886.5873333333332,33.958572000000004,18.812364000000002,inference
8823.0,8825.0,3,1362.173,1202.051,10.818458999999999,3.2453549999999995,inference
8843.0,8845.0,3,1382.346,1215.959,10.943631000000002,3.370527,inference
8848.0,8853.0,6,3052.223,1978.9375,35.620875,20.474666999999997,inference
8863.0,8864.0,2,1402.199,1322.883,7.937298000000001,2.888562,inference
8881.0,8888.0,8,3794.544,2175.3272500000003,52.207854000000005,32.01291,inference
8903.0,8905.0,3,1387.852,1214.293,10.928636999999998,3.355533,inference
8919.0,8925.0,7,3083.202,1871.1978571428572,39.295155,21.624579,inference
8938.0,8949.0,12,8295.708,5481.40375,197.330535,167.03811899999997,ble
8953.0,8969.0,17,8384.669,4566.641117647059,232.89869700000003,189.98444100000003,ble
8978.0,9033.0,56,9829.618,4497.160839285714,755.523021,614.1584130000001,ble
9038.0,9049.0,12,8361.945,5477.031583333333,197.173137,166.880721,ble
9058.0,9069.0,12,10024.661,5944.766666666666,214.0116,183.71918399999998,ble
9078.0,9089.0,12,8400.091,5482.138500000001,197.35698600000003,167.06457,ble
9098.0,9109.0,12,9635.554,5858.908583333334,210.92070900000004,180.62829300000004,ble
9118.0,9129.0,12,8366.385,5467.672583333334,196.83621300000004,166.543797,ble
9133.0,9149.0,17,8340.963,4494.250647058824,229.20678300000006,186.292527,ble
9163.0,9170.0,8,2750.874,1553.9791249999998,37.295499,17.100555,inference
9183.0,9185.0,3,1388.433,1230.2586666666668,11.072328000000002,3.499224,inference
9200.0,9206.0,7,3866.353,2078.930857142858,43.65754800000001,25.986972,inference
9223.0,9225.0,3,1374.714,1216.2896666666666,10.946607,3.3735029999999995,inference
9233.0,9237.0,5,2921.493,1789.6124,26.844186,14.222345999999998,inference
9243.0,9245.0,3,1398.462,1231.9256666666668,11.087331,3.5142270000000004,inference
9263.0,9265.0,3,1359.369,1211.8743333333332,10.906868999999999,3.333764999999999,inference
9268.0,9272.0,5,2787.388,1768.6689999999999,26.530034999999998,13.908195,inference
9283.0,9285.0,3,1388.568,1220.1056666666666,10.980951,3.407847,inference
9300.0,9306.0,7,3389.027,1906.9315714285713,40.045562999999994,22.374987,inference
9323.0,9325.0,3,1365.899,1214.4403333333335,10.929963000000003,3.356859,inference
9338.0,9345.0,8,2681.409,1591.73875,38.20173,18.006786,inference
9363.0,9365.0,3,1409.057,1269.5763333333334,11.426187000000002,3.853083,inference
9372.0,9377.0,6,2966.98,1878.2891666666667,33.809205000000006,18.662997000000004,inference
9383.0,9385.0,3,1320.274,1204.2753333333333,10.838477999999999,3.265374,inference
9403.0,9413.0,11,3467.404,1658.9557272727272,54.745539,26.977490999999997,inference
9423.0,9425.0,3,1415.306,1227.8703333333335,11.050833,3.477729,inference
9438.0,9445.0,8,3653.948,2018.51375,48.44433,28.249385999999998,inference
9463.0,9465.0,3,1399.64,1228.8300000000002,11.059470000000001,3.486366,inference
9471.0,9477.0,7,3411.477,1777.690857142857,37.331508,19.660932000000003,inference
9483.0,9485.0,3,1420.679,1226.933,11.042397000000001,3.4692930000000004,inference
9502.0,9506.0,5,3298.479,1987.8366,29.817549000000003,17.195709000000004,inference
9523.0,9525.0,3,1401.879,1223.2956666666666,11.009661,3.436556999999999,inference
9533.0,9539.0,7,3319.176,1945.3977142857143,40.853352,23.182775999999997,inference
9543.0,9545.0,3,1371.318,1216.4846666666665,10.948362,3.375258,inference
9563.0,9565.0,3,1401.496,1225.0646666666669,11.025582000000002,3.452478,inference
9571.0,9576.0,6,3215.886,1865.9601666666667,33.587283000000006,18.441074999999998,inference
9583.0,9585.0,3,1402.903,1227.3326666666667,11.045994,3.4728899999999996,inference
9603.0,9608.0,6,3307.502,2061.453666666667,37.10616600000001,21.959958,inference
9623.0,9625.0,3,1413.349,1233.368333333333,11.100314999999998,3.527210999999999,inference
9636.0,9645.0,10,3400.299,1766.1856,52.985568,27.741887999999996,inference
9663.0,9665.0,3,1380.026,1223.3516666666667,11.010165,3.437061,inference
9671.0,9677.0,7,3610.723,2016.1314285714284,42.33875999999999,24.668183999999997,inference
9683.0,9685.0,3,1401.079,1235.3033333333333,11.11773,3.5446259999999996,inference
9703.0,9708.0,6,2826.791,1831.622,32.969196,17.822988,inference
9723.0,9725.0,3,1382.408,1222.3796666666667,11.001417000000002,3.4283129999999993,inference
9734.0,9738.0,5,2768.531,1761.4008,26.421011999999994,13.799172,inference
9743.0,9745.0,3,1408.208,1229.249,11.063241000000001,3.4901370000000007,inference
9763.0,9765.0,3,1368.214,1212.8896666666667,10.916007,3.3429029999999997,inference
9768.0,9774.0,7,3093.39,1737.0942857142854,36.47898,18.808403999999996,inference
9783.0,9785.0,3,1389.745,1220.819,10.987371,3.414266999999999,inference
9801.0,9806.0,6,3924.264,2061.5938333333334,37.108689,21.962481,inference
9823.0,9825.0,3,1375.813,1217.3660000000002,10.956294000000002,3.38319,inference
9834.0,9839.0,6,2821.544,1719.6973333333333,30.954551999999996,15.808343999999998,inference
9843.0,9845.0,3,1412.184,1229.16,11.06244,3.4893359999999993,inference
9863.0,9865.0,3,1412.914,1222.6663333333333,11.003997,3.4308929999999997,inference
9870.0,9875.0,6,3076.064,1861.9891666666665,33.515805,18.369596999999995,inference
9883.0,9885.0,3,1381.507,1217.784,10.960056000000002,3.3869520000000004,inference
9903.0,9905.0,3,1424.974,1234.5310000000002,11.110779,3.5376749999999997,inference
9909.0,9915.0,7,3367.078,1776.2441428571426,37.301126999999994,19.630551,inference
9923.0,9925.0,3,1424.435,1225.3603333333333,11.028243,3.455138999999999,inference
9943.0,9949.0,7,3312.675,1904.5282857142859,39.995094,22.324517999999998,inference
9963.0,9965.0,3,1399.529,1236.5876666666666,11.129289000000002,3.556185,inference
9976.0,9985.0,10,3280.399,1615.5208,48.465624000000005,23.221944,inference
10003.0,10004.0,2,1386.787,1318.2195000000002,7.9093170000000015,2.8605810000000003,inference
10010.0,10016.0,7,2769.611,1660.9795714285715,34.880570999999996,17.209995,inference
10023.0,10025.0,3,1355.32,1230.1499999999999,11.071349999999999,3.4982459999999995,inference
10043.0,10045.0,3,1372.145,1220.5756666666666,10.985181,3.412077,inference
10048.0,10053.0,6,2668.168,1641.6771666666666,29.550189,14.403980999999998,inference
10063.0,10065.0,3,1399.306,1228.7263333333333,11.058537000000001,3.485433,inference
10082.0,10088.0,7,3699.061,2371.477428571429,49.801026,32.130449999999996,inference
10103.0,10105.0,3,1381.565,1216.3893333333333,10.947504,3.3743999999999996,inference
10115.0,10120.0,6,3338.83,1890.4806666666666,34.028652,18.882444,inference
10123.0,10125.0,3,1432.266,1223.9323333333334,11.015391,3.4422870000000003,inference
10143.0,10145.0,3,1362.977,1214.224,10.928016,3.354912,inference
10152.0,10157.0,6,2614.145,1635.9071666666666,29.446329,14.300120999999999,inference
10163.0,10165.0,3,1389.211,1219.9866666666667,10.979880000000001,3.4067760000000002,inference
10183.0,10191.0,9,3367.117,1867.154111111111,50.413160999999995,27.693849,inference
10203.0,10205.0,3,1429.907,1229.139,11.062251,3.489147,inference
10223.0,10230.0,8,3214.042,1767.171375,42.412113,22.217169,inference
10243.0,10245.0,3,1413.985,1238.3856666666666,11.145471,3.5723669999999994,inference
10258.0,10265.0,8,3580.865,2191.5505000000003,52.597212000000006,32.402268,inference
10283.0,10285.0,3,1397.588,1222.875,11.005875,3.4327710000000002,inference
10296.0,10300.0,5,2667.857,1753.0264,26.295396,13.673556000000001,inference
10303.0,10305.0,3,1432.935,1241.6633333333332,11.17497,3.601866,inference
10323.0,10331.0,9,3027.094,1565.4402222222222,42.266886,19.547574,inference
10338.0,10349.0,12,8334.063,5440.8175833333335,195.86943300000001,165.577017,ble
10358.0,10370.0,13,8371.343,5425.127076923077,211.579956,178.76317200000003,ble
10378.0,10389.0,12,8311.265,5399.876416666667,194.395551,164.103135,ble
10398.0,10409.0,12,10045.154,5897.482666666668,212.30937600000004,182.01695999999998,ble
10418.0,10429.0,12,8407.068,5420.136916666667,195.124929,164.832513,ble
10434.0,10449.0,16,8364.175,4607.57875,221.16377999999997,180.773892,ble
10458.0,10474.0,17,8401.011,4445.372882352941,226.71401699999998,183.799761,ble
10478.0,10489.0,12,8403.368,5425.26725,195.309621,165.01720500000002,ble
10498.0,10509.0,12,9790.124,5903.219583333334,212.51590500000003,182.22348899999997,ble
10518.0,10529.0,12,8390.832,5420.5695000000005,195.14050200000005,164.84808600000002,ble
10535.0,10549.0,15,8327.21,4952.4380666666675,222.85971300000006,184.994193,ble
10563.0,10564.0,2,1413.936,1311.0729999999999,7.866438,2.8177019999999997,inference
10567.0,10572.0,6,2757.931,1698.9306666666664,30.580751999999997,15.434544000000002,inference
10583.0,10585.0,3,1427.854,1231.7736666666667,11.085963,3.512859,inference
10602.0,10608.0,7,3467.205,2123.6407142857142,44.596455,26.925878999999995,inference
10623.0,10625.0,3,1416.287,1222.0826666666667,10.998744,3.4256399999999996,inference
10639.0,10646.0,8,4446.878,2193.891625,52.65339900000001,32.458455,inference
10663.0,10665.0,3,1395.353,1216.7176666666667,10.950459,3.3773550000000006,inference
10675.0,10680.0,6,3002.105,1879.7333333333333,33.8352,18.688992,inference
10683.0,10685.0,3,1445.479,1235.4936666666665,11.119443,3.5463389999999997,inference
10703.0,10705.0,3,1437.855,1227.1616666666666,11.044454999999997,3.4713509999999994,inference
10713.0,10719.0,7,3534.641,2003.2841428571428,42.068967,24.398391,inference
10723.0,10725.0,3,1407.454,1219.0466666666669,10.971420000000002,3.398316,inference
10743.0,10749.0,7,3358.217,1938.6362857142856,40.711362,23.040785999999997,inference
10763.0,10764.0,2,1393.503,1319.2305000000001,7.915383000000001,2.866647,inference
10781.0,10787.0,7,3651.514,1904.7438571428572,39.999621,22.329044999999994,inference
10803.0,10805.0,3,1431.614,1230.9683333333335,11.078715,3.5056109999999996,inference
10812.0,10817.0,6,2657.124,1588.3008333333335,28.589415000000002,13.443207000000003,inference
10823.0,10824.0,2,1393.464,1318.719,7.912314,2.8635779999999995,inference
10843.0,10845.0,3,1416.895,1216.9906666666668,10.952916000000002,3.3798119999999994,inference
10849.0,10853.0,5,2977.628,1797.6552,26.964828,14.342987999999998,inference
10863.0,10865.0,3,1436.5,1229.1406666666667,11.062266,3.4891619999999994,inference
10883.0,10885.0,3,1398.459,1212.6053333333332,10.913448,3.3403439999999995,inference
10888.0,10893.0,6,3139.654,1866.1906666666666,33.591432000000005,18.445224000000003,inference
10903.0,10904.0,2,1430.398,1336.6055000000001,8.019633,2.970897,inference
10923.0,10930.0,8,2682.533,1594.2779999999998,38.262671999999995,18.067728,inference
10943.0,10945.0,3,1402.638,1216.408,10.947671999999999,3.3745679999999996,inference
10956.0,10960.0,5,3088.718,1859.7758000000001,27.896637000000002,15.274797,inference
10963.0,10965.0,3,1461.695,1239.1893333333335,11.152704000000002,3.5795999999999997,inference
10983.0,10985.0,3,1450.039,1229.47,11.065230000000001,3.492126,inference
10994.0,10999.0,6,3188.88,1858.9071666666669,33.46032900000001,18.314121,inference
11003.0,11005.0,3,1414.465,1221.2516666666666,10.991265,3.418160999999999,inference
11023.0,11025.0,3,1428.827,1230.2683333333334,11.072415000000001,3.4993109999999996,inference
11030.0,11035.0,6,3019.489,1879.6976666666667,33.834558,18.68835,inference
11043.0,11045.0,3,1392.704,1216.116,10.945044,3.37194,inference
11063.0,11071.0,9,2809.427,1483.1622222222222,40.04538,17.326068,inference
11083.0,11096.0,14,3420.666,2822.9270714285713,118.562937,83.22178500000001,inference
11101.0,11106.0,6,3698.445,2087.2826666666665,37.571088,22.42488,inference
11123.0,11125.0,3,1365.128,1215.5896666666667,10.940307,3.3672029999999995,inference
11133.0,11138.0,6,2648.754,1595.0006666666666,28.710011999999995,13.563804000000001,inference
11143.0,11145.0,3,1439.653,1235.887,11.122983,3.5498790000000002,inference
11163.0,11172.0,10,2628.913,1418.9184,42.567552000000006,17.323872,inference
11183.0,11185.0,3,1431.392,1231.165,11.080485000000001,3.507381,inference
11199.0,11205.0,7,2575.752,1679.5197142857141,35.269914,17.599338,inference
11223.0,11225.0,3,1411.298,1225.059,11.025530999999999,3.4524269999999992,inference
11230.0,11236.0,7,3332.836,1946.464857142857,40.875761999999995,23.205185999999998,inference
11243.0,11245.0,3,1451.866,1240.2373333333335,11.162136000000002,3.5890320000000004,inference
11263.0,11272.0,10,3333.896,1619.4543999999999,48.583632,23.339951999999997,inference
11283.0,11285.0,3,1413.288,1225.348,11.028132,3.455028,inference
11303.0,11311.0,9,3394.201,1826.0365555555557,49.30298700000001,26.583675000000003,inference
11323.0,11325.0,3,1396.257,1220.2253333333333,10.982028,3.408924,inference
11341.0,11346.0,6,3446.943,2050.145,36.90261,21.756402,inference
11363.0,11365.0,3,1440.125,1290.09,11.610809999999999,4.037706,inference
11380.0,11386.0,7,3111.352,1706.3192857142858,35.832705000000004,18.162128999999997,inference
11403.0,11405.0,3,1430.961,1230.0033333333333,11.070030000000001,3.4969259999999998,inference
11412.0,11417.0,6,3209.936,1883.8506666666665,33.909312,18.763103999999995,inference
11423.0,11425.0,3,1449.555,1234.4283333333333,11.109855,3.5367509999999998,inference
11442.0,11447.0,6,2974.569,1837.2158333333334,33.069885,17.923677,inference
11463.0,11465.0,3,1442.19,1236.073666666667,11.124663,3.551559,inference
11477.0,11485.0,9,2521.568,1518.2134444444443,40.99176299999999,18.272450999999997,inference
11503.0,11505.0,3,1416.586,1225.9976666666666,11.033979,3.460875,inference
11517.0,11525.0,9,2960.741,1517.9726666666668,40.985262000000006,18.265949999999997,inference
11543.0,11545.0,3,1345.391,1210.7986666666668,10.897188000000002,3.324084000000001,inference
11553.0,11558.0,6,3240.569,1879.374,33.828732,18.682523999999997,inference
11563.0,11565.0,3,1423.389,1227.4869999999999,11.047383,3.4742789999999997,inference
11583.0,11585.0,3,1438.761,1246.3273333333334,11.216946,3.6438420000000002,inference
11590.0,11595.0,6,3004.865,1879.6451666666665,33.833613,18.687405,inference
11603.0,11605.0,3,1402.242,1226.8366666666666,11.04153,3.4684259999999996,inference
11623.0,11630.0,8,2972.627,1782.494625,42.779871,22.584926999999997,inference
11643.0,11645.0,3,1442.234,1242.9233333333334,11.186309999999999,3.6132060000000004,inference
11658.0,11665.0,8,3360.146,2006.5407500000001,48.156978,27.962034,inference
11683.0,11685.0,3,1434.495,1236.748,11.130732,3.557628,inference
11694.0,11699.0,6,2974.27,1897.7105,34.158789,19.012580999999997,inference
11703.0,11705.0,3,1457.388,1240.1809999999998,11.161629,3.5885249999999993,inference
11723.0,11724.0,2,1416.523,1330.52,7.98312,2.934384,inference
11731.0,11749.0,19,8346.013,4179.685421052633,238.24206900000004,190.27907700000003,ble
11759.0,11770.0,12,8337.523,5831.228999999999,209.924244,179.63182799999998,ble
11779.0,11789.0,11,8377.385,5855.667181818182,193.23701700000004,165.46896900000002,ble
11799.0,11810.0,12,8735.758,6045.6002499999995,217.641609,187.349193,ble
11819.0,11829.0,11,8362.444,5835.744454545455,192.579567,164.811519,ble
11839.0,11849.0,11,10060.928,6275.904909090909,207.104862,179.336814,ble
11859.0,11869.0,11,8400.991,5832.868545454546,192.48466200000001,164.716614,ble
11879.0,11889.0,11,9328.905,6226.2849090909085,205.46740199999996,177.699354,ble
11899.0,11909.0,11,8389.624,5824.050090909091,192.19365299999998,164.425605,ble
11916.0,11929.0,14,8448.065,5084.27107142857,213.53938499999995,178.19823300000002,ble
11939.0,11949.0,11,8316.337,5838.005818181818,192.654192,164.88614399999997,ble
11954.0,11959.0,6,3152.514,1891.6260000000002,34.049268000000005,18.903059999999996,inference
11963.0,11965.0,3,1448.118,1240.5,11.1645,3.5913959999999996,inference
11983.0,11991.0,9,2722.445,1512.4022222222222,40.83486,18.115548,inference
12003.0,12005.0,3,1422.014,1231.222,11.080998,3.5078939999999994,inference
12023.0,12032.0,10,3341.999,1607.0825,48.212475000000005,22.968795,inference
12043.0,12045.0,3,1409.887,1229.2713333333334,11.063441999999998,3.490338,inference
12062.0,12067.0,6,3315.447,1851.8968333333332,33.334143,18.187935,inference
12083.0,12084.0,2,1484.256,1362.0685,8.172411,3.1236750000000004,inference
12094.0,12105.0,12,2912.207,1516.0635,54.57828599999999,24.285869999999996,inference
12123.0,12125.0,3,1435.213,1228.892,11.060028000000003,3.486924,inference
12129.0,12134.0,6,3122.472,1870.1686666666667,33.663036,18.516828,inference
12143.0,12145.0,3,1457.775,1248.1450000000002,11.233305,3.6602010000000003,inference
12162.0,12167.0,6,3286.746,1913.4721666666667,34.442499000000005,19.296290999999997,inference
12183.0,12185.0,3,1442.809,1232.14,11.089260000000001,3.516156,inference
12198.0,12205.0,8,2942.062,1798.132625,43.155183,22.960238999999998,inference
12223.0,12225.0,3,1421.13,1225.3516666666667,11.028165000000001,3.4550610000000006,inference
12233.0,12238.0,6,2543.235,1620.9035000000001,29.176263,14.030054999999999,inference
12243.0,12245.0,3,1451.869,1236.5466666666669,11.128920000000003,3.555816,inference
12263.0,12269.0,7,2919.204,1780.8237142857142,37.397298,19.726722,inference
12283.0,12285.0,3,1429.048,1227.2733333333333,11.045460000000002,3.472356,inference
12303.0,12309.0,7,3401.641,1934.2001428571427,40.618203,22.947627,inference
12323.0,12325.0,3,1413.059,1225.248,11.027232,3.454128,inference
12341.0,12346.0,6,3530.131,1792.3554999999997,32.262398999999995,17.116191,inference
12363.0,12365.0,3,1463.974,1274.5786666666668,11.471208,3.898104,inference
12375.0,12380.0,6,2593.434,1612.6858333333337,29.028345000000005,13.882137000000002,inference
12383.0,12384.0,2,1380.683,1296.784,7.780704000000001,2.7319679999999997,inference
12403.0,12404.0,2,1446.067,1320.56,7.92336,2.8746240000000003,inference
12414.0,12418.0,5,2945.862,1790.6366000000003,26.859549000000005,14.237708999999999,inference
12423.0,12424.0,2,1467.02,1332.147,7.992882,2.944146,inference
12443.0,12451.0,9,3110.236,1667.5389999999998,45.023553,22.304240999999998,inference
12463.0,12464.0,2,1453.879,1326.208,7.957248000000001,2.908512,inference
12480.0,12485.0,6,2929.789,1830.9019999999998,32.956236,17.810028,inference
12503.0,12504.0,2,1439.51,1319.7285,7.918371,2.8696349999999993,inference
12511.0,12517.0,7,3132.46,1745.8432857142855,36.662709,18.992133000000003,inference
12523.0,12524.0,2,1467.942,1333.179,7.999074000000001,2.950338,inference
12543.0,12544.0,2,1424.907,1313.465,7.880789999999999,2.8320539999999994,inference
12547.0,12552.0,6,3349.313,1900.0098333333335,34.200177000000004,19.053969,inference
12563.0,12564.0,2,1443.252,1320.176,7.921056,2.8723199999999998,inference
12580.0,12585.0,6,3344.01,2079.6151666666665,37.433073,22.286865,inference
12603.0,12604.0,2,1421.729,1333.775,8.002650000000001,2.9539139999999997,inference
12618.0,12625.0,8,2844.117,1673.0457500000002,40.15309800000001,19.958154000000004,inference
12643.0,12645.0,3,1462.442,1239.2906666666665,11.153616,3.5805119999999997,inference
12654.0,12659.0,6,2772.572,1663.5975,29.944755000000004,14.798547000000001,inference
12663.0,12664.0,2,1431.708,1341.5500000000002,8.0493,3.0005640000000002,inference
12683.0,12685.0,3,1452.321,1229.0976666666668,11.061879000000001,3.488774999999999,inference
12690.0,12696.0,7,3385.338,1936.2908571428572,40.662108,22.991532,inference
12703.0,12705.0,3,1472.443,1238.1139999999998,11.143025999999999,3.569921999999999,inference
12722.0,12728.0,7,3313.802,1978.091142857143,41.539914,23.869338,inference
12743.0,12744.0,2,1456.869,1345.9555,8.075733,3.0269969999999993,inference
12761.0,12767.0,7,3815.764,2133.337285714286,44.800083,27.129507000000007,inference
12783.0,12784.0,2,1439.447,1337.2575,8.023545,2.974808999999999,inference
12801.0,12807.0,7,3901.311,2162.7575714285713,45.417909,27.747333000000005,inference
12823.0,12824.0,2,1428.956,1334.745,8.008469999999999,2.959734,inference
12832.0,12837.0,6,2914.732,1858.2575,33.448635,18.302426999999998,inference
12843.0,12844.0,2,1446.068,1341.7005,8.050203,3.0014670000000003,inference
12863.0,12864.0,2,1485.361,1361.5035,8.169021,3.120285,inference
12869.0,12874.0,6,2640.742,1633.4105,29.401388999999998,14.255181,inference
12883.0,12884.0,2,1430.754,1332.818,7.9969079999999995,2.9481719999999996,inference
12901.0,12906.0,6,3691.647,2103.835666666667,37.869042,22.722834,inference
12923.0,12924.0,2,1474.938,1350.1750000000002,8.10105,3.0523140000000004,inference
12935.0,12945.0,11,3583.896,1694.4861818181819,55.91804400000001,28.14999600000001,inference
12963.0,12964.0,2,1459.969,1352.4465,8.114679,3.0659430000000003,inference
12974.0,12979.0,6,3362.668,1904.4773333333333,34.280592,19.134383999999997,inference
12983.0,12985.0,3,1482.652,1243.519,11.191671000000001,3.618567,inference
13003.0,13012.0,10,3315.368,1591.4290999999998,47.742873,22.499192999999995,inference
13023.0,13024.0,2,1468.956,1354.8739999999998,8.129243999999998,3.0805079999999996,inference
13043.0,13051.0,9,3026.146,1671.1223333333332,45.120303,22.400990999999998,inference
13063.0,13064.0,2,1449.104,1346.989,8.081934,3.0331980000000005,inference
13080.0,13085.0,6,2950.938,1859.4279999999999,33.469704,18.323496,inference
13103.0,13105.0,3,1430.149,1228.4096666666667,11.055687000000002,3.4825829999999995,inference
13112.0,13118.0,7,3580.652,1958.615714285714,41.13092999999999,23.460353999999995,inference
13123.0,13124.0,2,1452.07,1339.364,8.036184,2.9874479999999997,inference
13139.0,13151.0,13,8818.43,5679.910692307694,221.51651700000005,188.699733,ble
13159.0,13176.0,18,9925.901,5360.833555555556,289.485012,244.04638799999998,ble
13179.0,13190.0,12,10745.367,6065.118416666667,218.344263,188.05184699999998,ble
13199.0,13210.0,12,8338.021,5459.788166666666,196.55237400000001,166.25995799999998,ble
13214.0,13230.0,17,8382.458,4417.733941176471,225.304431,182.39017500000003,ble
13239.0,13253.0,15,8378.214,4948.2789999999995,222.672555,184.807035,ble
13259.0,13270.0,12,8356.067,5453.158083333333,196.31369099999998,166.021275,ble
13279.0,13291.0,13,8373.583,5586.0688461538475,217.85668500000006,185.03990100000001,ble
13299.0,13310.0,12,8385.403,5453.127666666666,196.31259599999998,166.02017999999995,ble
13317.0,13330.0,14,8392.911,5134.898714285715,215.66574600000004,180.32459400000002,ble
13339.0,13352.0,14,8325.483,5269.688357142858,221.32691100000005,185.985759,ble
13363.0,13365.0,3,1486.228,1299.2806666666668,11.693526,4.1204220000000005,inference
13383.0,13392.0,10,3146.592,1583.0814000000003,47.49244200000001,22.248761999999996,inference
13403.0,13405.0,3,1457.696,1234.8513333333333,11.113662,3.540557999999999,inference
13419.0,13425.0,7,2973.147,1720.328142857143,36.126891,18.456315000000004,inference
13443.0,13445.0,3,1444.472,1231.8636666666666,11.086772999999999,3.513669,inference
13455.0,13465.0,11,3391.057,1698.2866363636365,56.043459000000006,28.275411,inference
13483.0,13485.0,3,1483.432,1251.678,11.265102,3.691998,inference
13488.0,13493.0,6,3351.887,1896.6655,34.139979,18.993771000000002,inference
13503.0,13504.0,2,1444.212,1349.7024999999999,8.098215,3.049479,inference
13523.0,13532.0,10,2948.816,1544.0560999999998,46.32168299999999,21.078003,inference
13543.0,13545.0,3,1434.328,1235.0576666666666,11.115519,3.5424149999999996,inference
13559.0,13565.0,7,3296.47,1998.5808571428568,41.97019799999999,24.299621999999996,inference
13583.0,13585.0,3,1479.606,1245.1239999999998,11.206115999999998,3.633012,inference
13597.0,13605.0,9,3634.446,1943.3237777777779,52.469742,29.75043,inference
13623.0,13625.0,3,1456.251,1238.5200000000002,11.14668,3.573576,inference
13633.0,13639.0,7,3571.83,1991.0981428571429,41.813061000000005,24.142485,inference
13643.0,13645.0,3,1495.344,1252.3336666666667,11.271003,3.6978990000000005,inference
13663.0,13665.0,3,1441.42,1236.7043333333334,11.130339,3.557235,inference
13672.0,13677.0,6,2548.875,1616.5036666666665,29.097065999999998,13.950858,inference
13683.0,13685.0,3,1460.245,1240.4893333333332,11.164404,3.5913,inference
13703.0,13705.0,3,1492.37,1253.0696666666665,11.277627,3.7045229999999996,inference
13709.0,13714.0,6,2540.813,1639.064,29.503152000000004,14.356944,inference
13723.0,13725.0,3,1444.537,1235.94,11.123460000000001,3.5503560000000007,inference
13742.0,13747.0,6,3274.279,1863.9040000000002,33.55027200000001,18.404063999999998,inference
13763.0,13765.0,3,1435.774,1240.0873333333332,11.160786,3.5876819999999996,inference
13781.0,13787.0,7,3950.183,2178.4031428571425,45.74646599999999,28.07589,inference
13803.0,13805.0,3,1478.233,1240.922,11.168298,3.595194,inference
13820.0,13825.0,6,2832.708,1795.703166666667,32.32265700000001,17.176449,inference
13843.0,13845.0,3,1458.513,1234.3943333333334,11.109549,3.5364449999999996,inference
13852.0,13857.0,6,3083.577,1724.8174999999999,31.046714999999995,15.900507000000001,inference
13863.0,13865.0,3,1485.593,1242.3206666666667,11.180886000000003,3.6077820000000003,inference
13883.0,13892.0,10,3071.373,1585.8939,47.576817000000005,22.333137,inference
13903.0,13905.0,3,1466.644,1235.4136666666666,11.118723000000001,3.5456190000000003,inference
13923.0,13928.0,6,2766.054,1822.988833333333,32.813799,17.667590999999998,inference
13943.0,13945.0,3,1445.676,1234.9736666666665,11.114763,3.5416589999999997,inference
13954.0,13960.0,7,3313.67,1953.659142857143,41.026842,23.356266,inference
13963.0,13965.0,3,1486.623,1249.5653333333332,11.246088,3.672984,inference
13983.0,13985.0,3,1488.273,1251.9936666666665,11.267942999999999,3.6948389999999995,inference
13993.0,13997.0,5,2760.255,1765.2416,26.478624000000003,13.856784,inference
14003.0,14005.0,3,1455.574,1239.4103333333333,11.154693,3.581589,inference
14023.0,14025.0,3,1480.769,1245.6803333333335,11.211123,3.6380189999999994,inference
14032.0,14037.0,6,3135.372,1908.4505000000001,34.352109000000006,19.205900999999997,inference
14043.0,14045.0,3,1440.259,1241.4246666666668,11.172822,3.5997179999999998,inference
14063.0,14069.0,7,3196.172,1938.015,40.698315,23.027739,inference
14083.0,14085.0,3,1480.945,1242.4270000000001,11.181843,3.608739,inference
14094.0,14100.0,7,3227.489,1760.5124285714287,36.97076100000001,19.300185,inference
14103.0,14105.0,3,1450.346,1235.3483333333331,11.118134999999999,3.545031,inference
14123.0,14132.0,10,3022.569,1596.5666999999999,47.897000999999996,22.653321,inference
14143.0,14145.0,3,1499.24,1247.1803333333335,11.224623,3.651519000000001,inference
14159.0,14165.0,7,2555.25,1677.8802857142857,35.235486,17.564909999999998,inference
14174.0,14176.0,3,1418.627,1168.0026666666665,10.512024,2.93892,inference
14183.0,14185.0,3,1416.026,1230.5766666666668,11.075190000000003,3.5020860000000003,inference
14194.0,14199.0,6,2709.039,1662.6578333333334,29.927841,14.781633000000001,inference
14203.0,14205.0,3,1465.596,1242.72,11.18448,3.611376,inference
14223.0,14225.0,3,1454.398,1232.5686666666666,11.093117999999999,3.5200139999999993,inference
14231.0,14236.0,6,2570.416,1638.035,29.484630000000006,14.338422000000001,inference
14243.0,14244.0,2,1480.051,1364.4299999999998,8.18658,3.137844,inference
14263.0,14265.0,3,1440.943,1239.9413333333332,11.159471999999997,3.5863680000000007,inference
14268.0,14273.0,6,3067.858,1845.5318333333332,33.219573,18.073365,inference
14283.0,14285.0,3,1463.912,1237.4616666666666,11.137155,3.5640510000000005,inference
14303.0,14309.0,7,3001.126,1926.011142857143,40.446234000000004,22.775658,inference
14323.0,14325.0,3,1446.126,1225.4233333333334,11.028810000000002,3.455706,inference
14339.0,14345.0,7,3092.105,1934.6604285714286,40.627869,22.957293,inference
14363.0,14365.0,3,1497.664,1253.0800000000002,11.277720000000002,3.7046159999999997,inference
14374.0,14378.0,5,2975.309,1795.8949999999998,26.938424999999995,14.316585,inference
14383.0,14384.0,2,1403.583,1304.5015,7.827009,2.778273,inference
14403.0,14409.0,7,2826.178,1658.2067142857145,34.82234100000001,17.151765,inference
14423.0,14424.0,2,1508.16,1348.169,8.089014,3.0402780000000003,inference
14435.0,14440.0,6,3218.669,1863.2853333333333,33.539136,18.392928,inference
14443.0,14444.0,2,1476.42,1334.7915,8.008749,2.960013,inference
14463.0,14464.0,2,1484.576,1335.817,8.014902000000001,2.9661660000000003,inference
14469.0,14473.0,5,3002.956,1799.8203999999998,26.997306,14.375466000000001,inference
14483.0,14484.0,2,1533.512,1365.8225,8.194935,3.1461989999999997,inference
14503.0,14510.0,8,3093.561,1765.027,42.360648000000005,22.165703999999998,inference
14523.0,14524.0,2,1494.385,1327.183,7.9630980000000005,2.914362,inference
14535.0,14550.0,16,8311.294,4681.2393125,224.699487,184.30959900000002,ble
14559.0,14571.0,13,8358.352,5435.053846153846,211.9671,179.15031600000003,ble
14579.0,14590.0,12,8362.735,5401.537,194.455332,164.16291599999997,ble
14599.0,14612.0,14,8331.647,5330.417285714286,223.87752600000002,188.53637400000002,ble
14619.0,14630.0,12,8375.03,5416.236916666667,194.984529,164.69211299999998,ble
14639.0,14650.0,12,9787.8,5778.936916666667,208.041729,177.749313,ble
14659.0,14670.0,12,8334.512,5406.066916666667,194.61840899999999,164.325993,ble
14679.0,14690.0,12,10861.49,6026.252416666666,216.945087,186.652671,ble
14699.0,14710.0,12,8392.153,5407.010333333334,194.652372,164.35995600000004,ble
14719.0,14730.0,12,8807.569,5760.741333333334,207.38668800000002,177.09427199999996,ble
14739.0,14757.0,19,8348.148,4178.724210526316,238.18728,190.224288,ble
14763.0,14765.0,3,1481.988,1238.6779999999999,11.148102,3.5749979999999995,inference
14783.0,14791.0,9,3373.202,1831.6987777777779,49.455867,26.736555,inference
14803.0,14804.0,2,1493.898,1358.318,8.149908,3.1011719999999996,inference
14820.0,14826.0,7,3879.79,1898.0468571428569,39.858984,22.188408000000003,inference
14843.0,14844.0,2,1480.312,1353.7089999999998,8.122254,3.0735179999999995,inference
14852.0,14857.0,6,3378.758,1898.3911666666665,34.171040999999995,19.024832999999997,inference
14863.0,14864.0,2,1501.221,1362.243,8.173458,3.124722,inference
14883.0,14891.0,9,2611.276,1513.290888888889,40.858854,18.139542,inference
14903.0,14904.0,2,1479.342,1352.564,8.115384,3.0666480000000003,inference
14923.0,14930.0,8,2953.994,1594.705,38.27292,18.077976000000003,inference
14943.0,14944.0,2,1466.159,1352.2245,8.113347,3.0646109999999998,inference
14963.0,14970.0,8,3361.876,1807.730875,43.385540999999996,23.190596999999997,inference
14983.0,14984.0,2,1516.427,1376.4805000000001,8.258883000000003,3.210147,inference
14999.0,15000.0,2,1134.846,1121.6644999999999,6.7299869999999995,1.6812509999999998,inference
